{"cameraMode":{"drawMode":0,"name":"Shaded","section":"Shading Mode"},"sceneLighting":true,"audioPlay":false,"sceneViewState":{"showFog":true,"showMaterialUpdate":false,"showSkybox":true,"showFlares":true,"showImageEffects":true,"showParticleSystems":true},"in2DMode":false,"pivot":{"x":-29.824951171875,"y":1.5618547201156617,"z":13.400004386901856},"rotation":{"x":-0.22141502797603608,"y":0.045011188834905627,"z":-0.010311941616237164,"w":-0.9741378426551819},"size":78.80323791503906,"orthographic":true}