{"cameraMode":{"drawMode":0,"name":"Shaded","section":"Shading Mode"},"sceneLighting":true,"audioPlay":false,"sceneViewState":{"showFog":true,"showMaterialUpdate":false,"showSkybox":true,"showFlares":true,"showImageEffects":true,"showParticleSystems":true},"in2DMode":false,"pivot":{"x":1549.031982421875,"y":970.8300170898438,"z":216.0},"rotation":{"x":-0.013430161401629448,"y":0.10121499001979828,"z":0.001366476179100573,"w":0.9947760701179504},"size":688.0541381835938,"orthographic":true}