{"cameraMode":{"drawMode":0,"name":"Shaded","section":"Shading Mode"},"sceneLighting":true,"audioPlay":false,"sceneViewState":{"showFog":true,"showMaterialUpdate":false,"showSkybox":true,"showFlares":true,"showImageEffects":true,"showParticleSystems":true},"in2DMode":false,"pivot":{"x":976.7393798828125,"y":0.4083588421344757,"z":20.006433486938478},"rotation":{"x":0.5112738013267517,"y":-0.06766913831233978,"z":0.04041126370429993,"w":0.8558423519134522},"size":90.08879852294922,"orthographic":true}