{"cameraMode":{"drawMode":0,"name":"Shaded","section":"Shading Mode"},"sceneLighting":true,"audioPlay":false,"sceneViewState":{"showFog":true,"showMaterialUpdate":false,"showSkybox":true,"showFlares":true,"showImageEffects":true,"showParticleSystems":true},"in2DMode":false,"pivot":{"x":-0.8116084337234497,"y":1.5513784885406495,"z":-0.3883943557739258},"rotation":{"x":-0.21166540682315827,"y":-0.268943727016449,"z":0.06066663935780525,"w":-0.9376829862594605},"size":22.0,"orthographic":true}