{"cameraMode":{"drawMode":0,"name":"Shaded","section":"Shading Mode"},"sceneLighting":false,"audioPlay":false,"sceneViewState":{"showFog":true,"showMaterialUpdate":false,"showSkybox":false,"showFlares":true,"showImageEffects":true,"showParticleSystems":true},"in2DMode":false,"pivot":{"x":-0.000003337860107421875,"y":1.4587297439575196,"z":0.1750469207763672},"rotation":{"x":-0.03931637108325958,"y":0.9484506249427795,"z":-0.13027343153953553,"w":-0.28623613715171816},"size":7.74982213973999,"orthographic":true}