{"cameraMode":{"drawMode":0,"name":"Shaded","section":"Shading Mode"},"sceneLighting":false,"audioPlay":false,"sceneViewState":{"showFog":true,"showMaterialUpdate":false,"showSkybox":false,"showFlares":true,"showImageEffects":true,"showParticleSystems":true},"in2DMode":false,"pivot":{"x":5.960464477539063e-7,"y":0.5719903707504273,"z":2.384185791015625e-7},"rotation":{"x":-0.23936092853546143,"y":0.12859389185905457,"z":-0.03201055899262428,"w":-0.9618601202964783},"size":7.676947593688965,"orthographic":false}