{"cameraMode":{"drawMode":0,"name":"Shaded","section":"Shading Mode"},"sceneLighting":true,"audioPlay":false,"sceneViewState":{"showFog":true,"showMaterialUpdate":false,"showSkybox":true,"showFlares":true,"showImageEffects":true,"showParticleSystems":true},"in2DMode":false,"pivot":{"x":0.0,"y":3.2876007556915285,"z":-2.1713249864774299e-8},"rotation":{"x":0.23350515961647035,"y":0.6283508539199829,"z":-0.20578666031360627,"w":0.712963342666626},"size":2.9409444332122804,"orthographic":true}