{"cameraMode":{"drawMode":0,"name":"Shaded","section":"Shading Mode"},"sceneLighting":true,"audioPlay":false,"sceneViewState":{"showFog":true,"showMaterialUpdate":false,"showSkybox":true,"showFlares":true,"showImageEffects":true,"showParticleSystems":true},"in2DMode":false,"pivot":{"x":-2.565128803253174,"y":1.688612937927246,"z":8.718707084655762},"rotation":{"x":-0.3162144422531128,"y":0.030428335070610048,"z":-0.010188966989517212,"w":-0.9481813907623291},"size":11.712833404541016,"orthographic":true}