{"cameraMode":{"drawMode":0,"name":"Shaded","section":"Shading Mode"},"sceneLighting":true,"audioPlay":false,"sceneViewState":{"showFog":true,"showMaterialUpdate":false,"showSkybox":true,"showFlares":true,"showImageEffects":true,"showParticleSystems":true},"in2DMode":false,"pivot":{"x":5.960464477539063e-7,"y":1.285233736038208,"z":2.384185791015625e-7},"rotation":{"x":0.5417738556861877,"y":-0.45398834347724917,"z":0.5440554618835449,"w":0.45208385586738589},"size":8.549723625183106,"orthographic":true}