{"cameraMode":{"drawMode":0,"name":"Shaded","section":"Shading Mode"},"sceneLighting":true,"audioPlay":false,"sceneViewState":{"showFog":true,"showMaterialUpdate":false,"showSkybox":true,"showFlares":true,"showImageEffects":true,"showParticleSystems":true},"in2DMode":false,"pivot":{"x":7.2803955078125,"y":3.962890625,"z":9.76171875},"rotation":{"x":0.22161054611206056,"y":0.016964932903647424,"z":-0.003856235183775425,"w":0.9749811291694641},"size":40.4702262878418,"orthographic":true}