{"cameraMode":{"drawMode":0,"name":"Shaded","section":"Shading Mode"},"sceneLighting":true,"audioPlay":false,"sceneViewState":{"showFog":true,"showMaterialUpdate":false,"showSkybox":true,"showFlares":true,"showImageEffects":true,"showParticleSystems":true},"in2DMode":false,"pivot":{"x":-14.406550407409668,"y":2.4501535892486574,"z":17.6655216217041},"rotation":{"x":-0.4226514995098114,"y":0.09404607862234116,"z":-0.044184744358062747,"w":-0.9003468155860901},"size":188.99549865722657,"orthographic":true}