{"cameraMode":{"drawMode":0,"name":"Shaded","section":"Shading Mode"},"sceneLighting":true,"audioPlay":false,"sceneViewState":{"showFog":true,"showMaterialUpdate":false,"showSkybox":false,"showFlares":true,"showImageEffects":true,"showParticleSystems":true},"in2DMode":false,"pivot":{"x":-2.1854214668273927,"y":0.23770713806152345,"z":3.651905059814453},"rotation":{"x":-0.21187619864940644,"y":0.7466974854469299,"z":-0.2800448536872864,"w":-0.564936101436615},"size":1.532658576965332,"orthographic":false}