{"cameraMode":{"drawMode":0,"name":"Shaded","section":"Shading Mode"},"sceneLighting":false,"audioPlay":false,"sceneViewState":{"showFog":true,"showMaterialUpdate":false,"showSkybox":false,"showFlares":true,"showImageEffects":true,"showParticleSystems":true},"in2DMode":false,"pivot":{"x":-0.006550788879394531,"y":2.4501535892486574,"z":0.5855212211608887},"rotation":{"x":0.16371753811836244,"y":0.8338647484779358,"z":-0.4058934450149536,"w":0.3363472819328308},"size":18.803144454956056,"orthographic":true}