{"cameraMode":{"drawMode":0,"name":"Shaded","section":"Shading Mode"},"sceneLighting":true,"audioPlay":false,"sceneViewState":{"showFog":true,"showMaterialUpdate":false,"showSkybox":true,"showFlares":true,"showImageEffects":true,"showParticleSystems":true},"in2DMode":false,"pivot":{"x":-0.7239450216293335,"y":-6.131833553314209,"z":5.593585968017578},"rotation":{"x":-0.4546542465686798,"y":0.10826671868562699,"z":-0.05579093098640442,"w":-0.8823159337043762},"size":14.735480308532715,"orthographic":false}