{"cameraMode":{"drawMode":0,"name":"Shaded","section":"Shading Mode"},"sceneLighting":true,"audioPlay":false,"sceneViewState":{"showFog":true,"showMaterialUpdate":false,"showSkybox":true,"showFlares":true,"showImageEffects":true,"showParticleSystems":true},"in2DMode":false,"pivot":{"x":33.5661506652832,"y":0.3639702796936035,"z":12.132342338562012},"rotation":{"x":-0.03149429336190224,"y":-0.010806133970618248,"z":0.0002997215779032558,"w":-0.9994769096374512},"size":51.97069549560547,"orthographic":true}