{"cameraMode":{"drawMode":0,"name":"Shaded","section":"Shading Mode"},"sceneLighting":false,"audioPlay":false,"sceneViewState":{"showFog":true,"showMaterialUpdate":false,"showSkybox":false,"showFlares":true,"showImageEffects":true,"showParticleSystems":true},"in2DMode":false,"pivot":{"x":-0.3707694411277771,"y":1.1171128749847413,"z":0.01963043212890625},"rotation":{"x":0.17784497141838075,"y":0.3370635509490967,"z":-0.06499965488910675,"w":0.9222501516342163},"size":5.786765098571777,"orthographic":true}