{"cameraMode":{"drawMode":0,"name":"Shaded","section":"Shading Mode"},"sceneLighting":true,"audioPlay":false,"sceneViewState":{"showFog":true,"showMaterialUpdate":false,"showSkybox":false,"showFlares":true,"showImageEffects":true,"showParticleSystems":true},"in2DMode":false,"pivot":{"x":1.9262361526489258,"y":0.16439560055732728,"z":3.3027966022491457},"rotation":{"x":-0.3309219479560852,"y":-0.21477335691452027,"z":0.07763595134019852,"w":-0.9156297445297241},"size":2.140580892562866,"orthographic":false}