{"cameraMode":{"drawMode":0,"name":"Shaded","section":"Shading Mode"},"sceneLighting":true,"audioPlay":false,"sceneViewState":{"showFog":true,"showMaterialUpdate":false,"showSkybox":true,"showFlares":true,"showImageEffects":true,"showParticleSystems":true},"in2DMode":false,"pivot":{"x":201.3399658203125,"y":170.39999389648438,"z":100.0},"rotation":{"x":-0.4235847294330597,"y":-0.0005365274264477193,"z":0.0002518876572139561,"w":-0.905858039855957},"size":996.4121704101563,"orthographic":true}