{"cameraMode":{"drawMode":0,"name":"Shaded","section":"Shading Mode"},"sceneLighting":false,"audioPlay":false,"sceneViewState":{"showFog":true,"showMaterialUpdate":false,"showSkybox":false,"showFlares":true,"showImageEffects":true,"showParticleSystems":true},"in2DMode":false,"pivot":{"x":34.69999694824219,"y":7.0,"z":15.900001525878907},"rotation":{"x":0.2665470540523529,"y":0.036712635308504108,"z":-0.010173625312745572,"w":0.9631101489067078},"size":466.69049072265627,"orthographic":true}