{"cameraMode":{"drawMode":0,"name":"Shaded","section":"Shading Mode"},"sceneLighting":true,"audioPlay":false,"sceneViewState":{"showFog":true,"showMaterialUpdate":false,"showSkybox":true,"showFlares":true,"showImageEffects":true,"showParticleSystems":true},"in2DMode":false,"pivot":{"x":-2.8999998569488527,"y":0.07933330535888672,"z":19.200000762939454},"rotation":{"x":0.0034768872428685428,"y":0.9435353875160217,"z":-0.3311116099357605,"w":0.009907403960824013},"size":40.010372161865237,"orthographic":false}