{"cameraMode":{"drawMode":0,"name":"Shaded","section":"Shading Mode"},"sceneLighting":true,"audioPlay":false,"sceneViewState":{"showFog":true,"showMaterialUpdate":false,"showSkybox":true,"showFlares":true,"showImageEffects":true,"showParticleSystems":true},"in2DMode":false,"pivot":{"x":9.600000381469727,"y":3.00435733795166,"z":7.982107639312744},"rotation":{"x":-0.35076871514320376,"y":0.0866219699382782,"z":-0.032622452825307849,"w":-0.931901752948761},"size":2.2570595741271974,"orthographic":true}