{"cameraMode":{"drawMode":0,"name":"Shaded","section":"Shading Mode"},"sceneLighting":true,"audioPlay":false,"sceneViewState":{"showFog":true,"showMaterialUpdate":false,"showSkybox":true,"showFlares":true,"showImageEffects":true,"showParticleSystems":true},"in2DMode":false,"pivot":{"x":30.153419494628908,"y":4.0209431648254398,"z":10.599998474121094},"rotation":{"x":-0.018730225041508676,"y":0.623336911201477,"z":-0.015004055574536324,"w":-0.7816520929336548},"size":2.4127583503723146,"orthographic":true}