{"cameraMode":{"drawMode":0,"name":"Shaded","section":"Shading Mode"},"sceneLighting":false,"audioPlay":false,"sceneViewState":{"showFog":true,"showMaterialUpdate":false,"showSkybox":false,"showFlares":true,"showImageEffects":true,"showParticleSystems":true},"in2DMode":false,"pivot":{"x":-0.27902841567993166,"y":0.013088703155517578,"z":0.022433757781982423},"rotation":{"x":-0.0013766741612926126,"y":-0.9929906129837036,"z":0.11761730909347534,"w":-0.01162226777523756},"size":40.010372161865237,"orthographic":true}