{"cameraMode":{"drawMode":0,"name":"Shaded","section":"Shading Mode"},"sceneLighting":false,"audioPlay":false,"sceneViewState":{"showFog":true,"showMaterialUpdate":false,"showSkybox":false,"showFlares":true,"showImageEffects":true,"showParticleSystems":true},"in2DMode":false,"pivot":{"x":0.010788679122924805,"y":3.2335543632507326,"z":-0.00417482852935791},"rotation":{"x":0.18390198051929475,"y":-0.2010030895471573,"z":0.03844762220978737,"w":0.961412787437439},"size":7.957396030426025,"orthographic":true}