{"cameraMode":{"drawMode":0,"name":"Shaded","section":"Shading Mode"},"sceneLighting":true,"audioPlay":false,"sceneViewState":{"showFog":true,"showMaterialUpdate":false,"showSkybox":false,"showFlares":true,"showImageEffects":true,"showParticleSystems":true},"in2DMode":false,"pivot":{"x":-0.0007638335227966309,"y":-0.09660440683364868,"z":0.0007741749286651611},"rotation":{"x":-0.4546542465686798,"y":0.10826671868562699,"z":-0.05579093098640442,"w":-0.8823159337043762},"size":2.7405807971954347,"orthographic":false}