{"cameraMode":{"drawMode":0,"name":"Shaded","section":"Shading Mode"},"sceneLighting":true,"audioPlay":false,"sceneViewState":{"showFog":true,"showMaterialUpdate":false,"showSkybox":true,"showFlares":true,"showImageEffects":true,"showParticleSystems":true},"in2DMode":false,"pivot":{"x":276.64971923828127,"y":-3.8964309692382814,"z":51.91847229003906},"rotation":{"x":0.6181864142417908,"y":0.07931043952703476,"z":-0.06289885193109513,"w":0.7794868350028992},"size":85.55290985107422,"orthographic":false}