{"cameraMode":{"drawMode":0,"name":"Shaded","section":"Shading Mode"},"sceneLighting":true,"audioPlay":false,"sceneViewState":{"showFog":true,"showMaterialUpdate":false,"showSkybox":true,"showFlares":true,"showImageEffects":true,"showParticleSystems":true},"in2DMode":false,"pivot":{"x":-17.026121139526368,"y":1.54066801071167,"z":-8.803380966186524},"rotation":{"x":0.37972980737686159,"y":0.09080591797828675,"z":-0.03748565912246704,"w":0.9198667407035828},"size":29.832788467407228,"orthographic":false}