{"cameraMode":{"drawMode":0,"name":"Shaded","section":"Shading Mode"},"sceneLighting":true,"audioPlay":false,"sceneViewState":{"showFog":true,"showMaterialUpdate":false,"showSkybox":true,"showFlares":true,"showImageEffects":true,"showParticleSystems":true},"in2DMode":false,"pivot":{"x":374.1868591308594,"y":8.0128173828125,"z":34.30088806152344},"rotation":{"x":0.29374900460243227,"y":0.6226146817207336,"z":-0.27201464772224429,"w":0.6723647117614746},"size":4.725601673126221,"orthographic":true}