{"cameraMode":{"drawMode":0,"name":"Shaded","section":"Shading Mode"},"sceneLighting":true,"audioPlay":false,"sceneViewState":{"showFog":true,"showMaterialUpdate":false,"showSkybox":true,"showFlares":true,"showImageEffects":true,"showParticleSystems":true},"in2DMode":false,"pivot":{"x":18.852094650268556,"y":11.150177955627442,"z":-2.82565975189209},"rotation":{"x":-0.0032183541916310789,"y":0.9697467088699341,"z":-0.2438085824251175,"w":-0.012800225988030434},"size":0.1405651569366455,"orthographic":false}