{"cameraMode":{"drawMode":0,"name":"Shaded","section":"Shading Mode"},"sceneLighting":false,"audioPlay":false,"sceneViewState":{"showFog":true,"showMaterialUpdate":false,"showSkybox":false,"showFlares":true,"showImageEffects":true,"showParticleSystems":true},"in2DMode":false,"pivot":{"x":1.2350000143051148,"y":3.9509432315826418,"z":0.02657848596572876},"rotation":{"x":-0.0013766741612926126,"y":-0.9929906129837036,"z":0.11761730909347534,"w":-0.01162226777523756},"size":85.29691314697266,"orthographic":true}