{"cameraMode":{"drawMode":0,"name":"Shaded","section":"Shading Mode"},"sceneLighting":true,"audioPlay":false,"sceneViewState":{"showFog":true,"showMaterialUpdate":false,"showSkybox":true,"showFlares":true,"showImageEffects":true,"showParticleSystems":true},"in2DMode":false,"pivot":{"x":-0.8116084337234497,"y":1.5513784885406495,"z":-0.3883943557739258},"rotation":{"x":0.014997720718383789,"y":-0.015599582344293595,"z":0.0002357162447879091,"w":0.9997701048851013},"size":22.0,"orthographic":true}