{"cameraMode":{"drawMode":0,"name":"Shaded","section":"Shading Mode"},"sceneLighting":false,"audioPlay":false,"sceneViewState":{"showFog":true,"showMaterialUpdate":false,"showSkybox":false,"showFlares":true,"showImageEffects":true,"showParticleSystems":true},"in2DMode":false,"pivot":{"x":-15.0,"y":1.4740447998046876,"z":-4.3997650146484379},"rotation":{"x":0.7183270454406738,"y":-0.02190360054373741,"z":0.022631658241152765,"w":0.6950041055679321},"size":2.5311388969421388,"orthographic":true}