{"cameraMode":{"drawMode":0,"name":"Shaded","section":"Shading Mode"},"sceneLighting":false,"audioPlay":false,"sceneViewState":{"showFog":true,"showMaterialUpdate":false,"showSkybox":false,"showFlares":true,"showImageEffects":true,"showParticleSystems":true},"in2DMode":false,"pivot":{"x":-0.36512887477874758,"y":1.688612937927246,"z":0.09426522254943848},"rotation":{"x":0.17784497141838075,"y":0.3370635509490967,"z":-0.06499965488910675,"w":0.9222501516342163},"size":55.75504684448242,"orthographic":true}