{"cameraMode":{"drawMode":0,"name":"Shaded","section":"Shading Mode"},"sceneLighting":true,"audioPlay":false,"sceneViewState":{"showFog":true,"showMaterialUpdate":false,"showSkybox":true,"showFlares":true,"showImageEffects":true,"showParticleSystems":true},"in2DMode":false,"pivot":{"x":0.0,"y":4.215700149536133,"z":1.7549999952316285},"rotation":{"x":0.30692607164382937,"y":-0.016280846670269967,"z":0.005227607674896717,"w":0.9516083002090454},"size":5.090432643890381,"orthographic":true}