{"cameraMode":{"drawMode":0,"name":"Shaded","section":"Shading Mode"},"sceneLighting":true,"audioPlay":false,"sceneViewState":{"showFog":true,"showMaterialUpdate":false,"showSkybox":true,"showFlares":true,"showImageEffects":true,"showParticleSystems":true},"in2DMode":false,"pivot":{"x":0.12601876258850099,"y":0.6351046562194824,"z":1.8306093215942383},"rotation":{"x":-0.3309219479560852,"y":-0.21477335691452027,"z":0.07763595134019852,"w":-0.9156297445297241},"size":9.870205879211426,"orthographic":false}