{"cameraMode":{"drawMode":0,"name":"Shaded","section":"Shading Mode"},"sceneLighting":true,"audioPlay":false,"sceneViewState":{"showFog":true,"showMaterialUpdate":false,"showSkybox":true,"showFlares":true,"showImageEffects":true,"showParticleSystems":true},"in2DMode":false,"pivot":{"x":164.3685302734375,"y":-316.5550231933594,"z":219.56790161132813},"rotation":{"x":0.7170045375823975,"y":0.0022976193577051164,"z":-0.0023634578101336958,"w":0.6970618963241577},"size":631.0269775390625,"orthographic":false}