{"cameraMode":{"drawMode":0,"name":"Shaded","section":"Shading Mode"},"sceneLighting":true,"audioPlay":false,"sceneViewState":{"showFog":true,"showMaterialUpdate":false,"showSkybox":true,"showFlares":true,"showImageEffects":true,"showParticleSystems":true},"in2DMode":false,"pivot":{"x":-0.8116084337234497,"y":1.5513784885406495,"z":-0.3883943557739258},"rotation":{"x":0.37134191393852236,"y":0.22070088982582093,"z":-0.09134351462125778,"w":0.897261917591095},"size":22.0,"orthographic":false}