{"cameraMode":{"drawMode":0,"name":"Shaded","section":"Shading Mode"},"sceneLighting":true,"audioPlay":false,"sceneViewState":{"showFog":true,"showMaterialUpdate":false,"showSkybox":true,"showFlares":true,"showImageEffects":true,"showParticleSystems":true},"in2DMode":false,"pivot":{"x":-4.621203422546387,"y":-13.336038589477539,"z":-1.4593067169189454},"rotation":{"x":0.4658670425415039,"y":-0.1240038052201271,"z":0.06612643599510193,"w":0.8736253380775452},"size":46.50104904174805,"orthographic":false}