{"cameraMode":{"drawMode":0,"name":"Shaded","section":"Shading Mode"},"sceneLighting":true,"audioPlay":false,"sceneViewState":{"showFog":true,"showMaterialUpdate":false,"showSkybox":true,"showFlares":true,"showImageEffects":true,"showParticleSystems":true},"in2DMode":false,"pivot":{"x":17.483448028564454,"y":2.4501535892486574,"z":-16.30447769165039},"rotation":{"x":-0.4226514995098114,"y":0.09404607862234116,"z":-0.044184744358062747,"w":-0.9003468155860901},"size":99.26947021484375,"orthographic":true}