{"cameraMode":{"drawMode":0,"name":"Shaded","section":"Shading Mode"},"sceneLighting":true,"audioPlay":false,"sceneViewState":{"showFog":true,"showMaterialUpdate":false,"showSkybox":true,"showFlares":true,"showImageEffects":true,"showParticleSystems":true},"in2DMode":false,"pivot":{"x":-17.029998779296876,"y":0.4200000762939453,"z":1.2000007629394532},"rotation":{"x":0.20067207515239716,"y":0.3681674599647522,"z":-0.08171091973781586,"w":0.9041765928268433},"size":120.0311279296875,"orthographic":false}