{"cameraMode":{"drawMode":0,"name":"Shaded","section":"Shading Mode"},"sceneLighting":true,"audioPlay":false,"sceneViewState":{"showFog":true,"showMaterialUpdate":false,"showSkybox":true,"showFlares":true,"showImageEffects":true,"showParticleSystems":true},"in2DMode":false,"pivot":{"x":212.55282592773438,"y":-13.917488098144532,"z":258.46368408203127},"rotation":{"x":0.5755861401557922,"y":0.22387532889842988,"z":-0.16769561171531678,"w":0.7684130668640137},"size":100.64736938476563,"orthographic":false}