{"cameraMode":{"drawMode":0,"name":"Shaded","section":"Shading Mode"},"sceneLighting":true,"audioPlay":false,"sceneViewState":{"showFog":true,"showMaterialUpdate":false,"showSkybox":true,"showFlares":true,"showImageEffects":true,"showParticleSystems":true},"in2DMode":false,"pivot":{"x":227.74444580078126,"y":6.9375,"z":185.5277099609375},"rotation":{"x":0.6822323203086853,"y":-0.1893470138311386,"z":0.18991528451442719,"w":0.6801875829696655},"size":251.19493103027345,"orthographic":true}