{"cameraMode":{"drawMode":0,"name":"Shaded","section":"Shading Mode"},"sceneLighting":true,"audioPlay":false,"sceneViewState":{"showFog":true,"showMaterialUpdate":false,"showSkybox":true,"showFlares":true,"showImageEffects":true,"showParticleSystems":true},"in2DMode":false,"pivot":{"x":0.010788679122924805,"y":3.2335543632507326,"z":-0.00417482852935791},"rotation":{"x":0.15557853877544404,"y":0.5056076049804688,"z":-0.09325855225324631,"w":0.8434809446334839},"size":49.29049301147461,"orthographic":true}