{"cameraMode":{"drawMode":0,"name":"Shaded","section":"Shading Mode"},"sceneLighting":false,"audioPlay":false,"sceneViewState":{"showFog":true,"showMaterialUpdate":false,"showSkybox":false,"showFlares":true,"showImageEffects":true,"showParticleSystems":true},"in2DMode":false,"pivot":{"x":-9.859999656677246,"y":10.619999885559082,"z":-0.1347517967224121},"rotation":{"x":0.000025822211682680063,"y":-0.9992054104804993,"z":0.04048978537321091,"w":0.0015128697268664837},"size":35.723548889160159,"orthographic":true}