{"cameraMode":{"drawMode":0,"name":"Shaded","section":"Shading Mode"},"sceneLighting":true,"audioPlay":false,"sceneViewState":{"showFog":true,"showMaterialUpdate":false,"showSkybox":true,"showFlares":true,"showImageEffects":true,"showParticleSystems":true},"in2DMode":false,"pivot":{"x":360.1264343261719,"y":9.00435733795166,"z":225.55014038085938},"rotation":{"x":-0.4341477155685425,"y":0.4656516909599304,"z":-0.2815980911254883,"w":-0.7179061770439148},"size":44.226802825927737,"orthographic":true}