{"cameraMode":{"drawMode":0,"name":"Shaded","section":"Shading Mode"},"sceneLighting":true,"audioPlay":false,"sceneViewState":{"showFog":true,"showMaterialUpdate":false,"showSkybox":true,"showFlares":true,"showImageEffects":true,"showParticleSystems":true},"in2DMode":false,"pivot":{"x":153.96890258789063,"y":5.408359050750732,"z":55.79758834838867},"rotation":{"x":0.08476273715496063,"y":-0.5243161916732788,"z":0.0525527186691761,"w":0.8456636071205139},"size":18.167591094970704,"orthographic":true}