{"cameraMode":{"drawMode":0,"name":"Shaded","section":"Shading Mode"},"sceneLighting":false,"audioPlay":false,"sceneViewState":{"showFog":true,"showMaterialUpdate":false,"showSkybox":false,"showFlares":true,"showImageEffects":true,"showParticleSystems":true},"in2DMode":false,"pivot":{"x":-15.0,"y":1.4240446090698243,"z":2.9802322387695315e-8},"rotation":{"x":-0.39817014336586,"y":0.09550172090530396,"z":-0.04172274097800255,"w":-0.9113738536834717},"size":2.5306150913238527,"orthographic":true}