{"cameraMode":{"drawMode":0,"name":"Shaded","section":"Shading Mode"},"sceneLighting":true,"audioPlay":false,"sceneViewState":{"showFog":true,"showMaterialUpdate":false,"showSkybox":false,"showFlares":true,"showImageEffects":true,"showParticleSystems":true},"in2DMode":false,"pivot":{"x":-0.04166692495346069,"y":-0.2539037764072418,"z":0.10833251476287842},"rotation":{"x":0.017280859872698785,"y":0.9282804727554321,"z":-0.3689490556716919,"w":0.043475981801748279},"size":0.7260717153549194,"orthographic":false}