{"cameraMode":{"drawMode":0,"name":"Shaded","section":"Shading Mode"},"sceneLighting":true,"audioPlay":false,"sceneViewState":{"showFog":true,"showMaterialUpdate":false,"showSkybox":true,"showFlares":true,"showImageEffects":true,"showParticleSystems":true},"in2DMode":false,"pivot":{"x":385.32958984375,"y":6.4587297439575199,"z":83.2179183959961},"rotation":{"x":0.2816767692565918,"y":0.047472987323999408,"z":-0.013951119966804982,"w":0.9582421183586121},"size":19.557424545288087,"orthographic":true}