{"cameraMode":{"drawMode":0,"name":"Shaded","section":"Shading Mode"},"sceneLighting":false,"audioPlay":false,"sceneViewState":{"showFog":true,"showMaterialUpdate":false,"showSkybox":false,"showFlares":true,"showImageEffects":true,"showParticleSystems":true},"in2DMode":false,"pivot":{"x":0.16949999332427979,"y":4.498000144958496,"z":1.350000023841858},"rotation":{"x":0.4613824784755707,"y":0.0764792263507843,"z":-0.03996213525533676,"w":0.8829960823059082},"size":4.016810417175293,"orthographic":true}