{"cameraMode":{"drawMode":0,"name":"Shaded","section":"Shading Mode"},"sceneLighting":false,"audioPlay":false,"sceneViewState":{"showFog":true,"showMaterialUpdate":false,"showSkybox":false,"showFlares":true,"showImageEffects":true,"showParticleSystems":true},"in2DMode":false,"pivot":{"x":-0.006550788879394531,"y":2.4501535892486574,"z":0.5855212211608887},"rotation":{"x":0.05498296022415161,"y":0.9206143021583557,"z":-0.14055004715919496,"w":0.3601449429988861},"size":59.44921112060547,"orthographic":true}