{"cameraMode":{"drawMode":0,"name":"Shaded","section":"Shading Mode"},"sceneLighting":false,"audioPlay":false,"sceneViewState":{"showFog":true,"showMaterialUpdate":false,"showSkybox":false,"showFlares":true,"showImageEffects":true,"showParticleSystems":true},"in2DMode":false,"pivot":{"x":0.0,"y":4.0397796630859379,"z":-0.07784461975097656},"rotation":{"x":0.4613824784755707,"y":0.0764792263507843,"z":-0.03996213525533676,"w":0.8829960823059082},"size":51.963321685791019,"orthographic":true}