{"cameraMode":{"drawMode":0,"name":"Shaded","section":"Shading Mode"},"sceneLighting":true,"audioPlay":false,"sceneViewState":{"showFog":true,"showMaterialUpdate":false,"showSkybox":true,"showFlares":true,"showImageEffects":true,"showParticleSystems":true},"in2DMode":false,"pivot":{"x":334.2900085449219,"y":18.700000762939454,"z":365.20001220703127},"rotation":{"x":-0.39817014336586,"y":0.09550172090530396,"z":-0.04172274097800255,"w":-0.9113738536834717},"size":22.0,"orthographic":true}